[{"name":"DEVICE_IO_ERROR","description":"com.shazam.shazamkit.InternalError.DEVICE_IO_ERROR","location":"shazamkit/com.shazam.shazamkit/-internal-error/-d-e-v-i-c-e_-i-o_-e-r-r-o-r/index.html","searchKeys":["DEVICE_IO_ERROR","DEVICE_IO_ERROR","com.shazam.shazamkit.InternalError.DEVICE_IO_ERROR"]},{"name":"ERROR_LOADING_SHAZAM_CORE","description":"com.shazam.shazamkit.InternalError.ERROR_LOADING_SHAZAM_CORE","location":"shazamkit/com.shazam.shazamkit/-internal-error/-e-r-r-o-r_-l-o-a-d-i-n-g_-s-h-a-z-a-m_-c-o-r-e/index.html","searchKeys":["ERROR_LOADING_SHAZAM_CORE","ERROR_LOADING_SHAZAM_CORE","com.shazam.shazamkit.InternalError.ERROR_LOADING_SHAZAM_CORE"]},{"name":"INVALID_SIGNATURE","description":"com.shazam.shazamkit.MatchError.INVALID_SIGNATURE","location":"shazamkit/com.shazam.shazamkit/-match-error/-i-n-v-a-l-i-d_-s-i-g-n-a-t-u-r-e/index.html","searchKeys":["INVALID_SIGNATURE","INVALID_SIGNATURE","com.shazam.shazamkit.MatchError.INVALID_SIGNATURE"]},{"name":"INVALID_SIGNATURE_DURATION","description":"com.shazam.shazamkit.MatchError.INVALID_SIGNATURE_DURATION","location":"shazamkit/com.shazam.shazamkit/-match-error/-i-n-v-a-l-i-d_-s-i-g-n-a-t-u-r-e_-d-u-r-a-t-i-o-n/index.html","searchKeys":["INVALID_SIGNATURE_DURATION","INVALID_SIGNATURE_DURATION","com.shazam.shazamkit.MatchError.INVALID_SIGNATURE_DURATION"]},{"name":"MATCH_ATTEMPT_FAILED","description":"com.shazam.shazamkit.MatchError.MATCH_ATTEMPT_FAILED","location":"shazamkit/com.shazam.shazamkit/-match-error/-m-a-t-c-h_-a-t-t-e-m-p-t_-f-a-i-l-e-d/index.html","searchKeys":["MATCH_ATTEMPT_FAILED","MATCH_ATTEMPT_FAILED","com.shazam.shazamkit.MatchError.MATCH_ATTEMPT_FAILED"]},{"name":"OUT_OF_MEMORY","description":"com.shazam.shazamkit.InternalError.OUT_OF_MEMORY","location":"shazamkit/com.shazam.shazamkit/-internal-error/-o-u-t_-o-f_-m-e-m-o-r-y/index.html","searchKeys":["OUT_OF_MEMORY","OUT_OF_MEMORY","com.shazam.shazamkit.InternalError.OUT_OF_MEMORY"]},{"name":"PROVIDED_EMPTY_AUDIO_DATA","description":"com.shazam.shazamkit.MatchError.PROVIDED_EMPTY_AUDIO_DATA","location":"shazamkit/com.shazam.shazamkit/-match-error/-p-r-o-v-i-d-e-d_-e-m-p-t-y_-a-u-d-i-o_-d-a-t-a/index.html","searchKeys":["PROVIDED_EMPTY_AUDIO_DATA","PROVIDED_EMPTY_AUDIO_DATA","com.shazam.shazamkit.MatchError.PROVIDED_EMPTY_AUDIO_DATA"]},{"name":"SAMPLE_RATE_16000","description":"com.shazam.shazamkit.AudioSampleRateInHz.SAMPLE_RATE_16000","location":"shazamkit/com.shazam.shazamkit/-audio-sample-rate-in-hz/-s-a-m-p-l-e_-r-a-t-e_16000/index.html","searchKeys":["SAMPLE_RATE_16000","SAMPLE_RATE_16000","com.shazam.shazamkit.AudioSampleRateInHz.SAMPLE_RATE_16000"]},{"name":"SAMPLE_RATE_32000","description":"com.shazam.shazamkit.AudioSampleRateInHz.SAMPLE_RATE_32000","location":"shazamkit/com.shazam.shazamkit/-audio-sample-rate-in-hz/-s-a-m-p-l-e_-r-a-t-e_32000/index.html","searchKeys":["SAMPLE_RATE_32000","SAMPLE_RATE_32000","com.shazam.shazamkit.AudioSampleRateInHz.SAMPLE_RATE_32000"]},{"name":"SAMPLE_RATE_44100","description":"com.shazam.shazamkit.AudioSampleRateInHz.SAMPLE_RATE_44100","location":"shazamkit/com.shazam.shazamkit/-audio-sample-rate-in-hz/-s-a-m-p-l-e_-r-a-t-e_44100/index.html","searchKeys":["SAMPLE_RATE_44100","SAMPLE_RATE_44100","com.shazam.shazamkit.AudioSampleRateInHz.SAMPLE_RATE_44100"]},{"name":"SAMPLE_RATE_48000","description":"com.shazam.shazamkit.AudioSampleRateInHz.SAMPLE_RATE_48000","location":"shazamkit/com.shazam.shazamkit/-audio-sample-rate-in-hz/-s-a-m-p-l-e_-r-a-t-e_48000/index.html","searchKeys":["SAMPLE_RATE_48000","SAMPLE_RATE_48000","com.shazam.shazamkit.AudioSampleRateInHz.SAMPLE_RATE_48000"]},{"name":"UNAUTHORIZED","description":"com.shazam.shazamkit.MatchError.UNAUTHORIZED","location":"shazamkit/com.shazam.shazamkit/-match-error/-u-n-a-u-t-h-o-r-i-z-e-d/index.html","searchKeys":["UNAUTHORIZED","UNAUTHORIZED","com.shazam.shazamkit.MatchError.UNAUTHORIZED"]},{"name":"abstract fun append(audioData: ByteArray, meaningfulLengthInBytes: Int, timestamp: Long)","description":"com.shazam.shazamkit.SignatureGenerator.append","location":"shazamkit/com.shazam.shazamkit/-signature-generator/append.html","searchKeys":["append","abstract fun append(audioData: ByteArray, meaningfulLengthInBytes: Int, timestamp: Long)","com.shazam.shazamkit.SignatureGenerator.append"]},{"name":"abstract fun generateSignature(): Signature","description":"com.shazam.shazamkit.SignatureGenerator.generateSignature","location":"shazamkit/com.shazam.shazamkit/-signature-generator/generate-signature.html","searchKeys":["generateSignature","abstract fun generateSignature(): Signature","com.shazam.shazamkit.SignatureGenerator.generateSignature"]},{"name":"abstract fun matchStream(audioData: ByteArray, meaningfulLengthInBytes: Int, timestampInMs: Long)","description":"com.shazam.shazamkit.StreamingSession.matchStream","location":"shazamkit/com.shazam.shazamkit/-streaming-session/match-stream.html","searchKeys":["matchStream","abstract fun matchStream(audioData: ByteArray, meaningfulLengthInBytes: Int, timestampInMs: Long)","com.shazam.shazamkit.StreamingSession.matchStream"]},{"name":"abstract fun provideDeveloperToken(): DeveloperToken","description":"com.shazam.shazamkit.DeveloperTokenProvider.provideDeveloperToken","location":"shazamkit/com.shazam.shazamkit/-developer-token-provider/provide-developer-token.html","searchKeys":["provideDeveloperToken","abstract fun provideDeveloperToken(): DeveloperToken","com.shazam.shazamkit.DeveloperTokenProvider.provideDeveloperToken"]},{"name":"abstract fun recognitionResults(): Flow<MatchResult>","description":"com.shazam.shazamkit.StreamingSession.recognitionResults","location":"shazamkit/com.shazam.shazamkit/-streaming-session/recognition-results.html","searchKeys":["recognitionResults","abstract fun recognitionResults(): Flow<MatchResult>","com.shazam.shazamkit.StreamingSession.recognitionResults"]},{"name":"abstract suspend fun addFromCatalog(source: InputStream): ShazamKitResult<ShazamKitException, Unit>","description":"com.shazam.shazamkit.CustomCatalog.addFromCatalog","location":"shazamkit/com.shazam.shazamkit/-custom-catalog/add-from-catalog.html","searchKeys":["addFromCatalog","abstract suspend fun addFromCatalog(source: InputStream): ShazamKitResult<ShazamKitException, Unit>","com.shazam.shazamkit.CustomCatalog.addFromCatalog"]},{"name":"abstract suspend fun match(signature: Signature): MatchResult","description":"com.shazam.shazamkit.Session.match","location":"shazamkit/com.shazam.shazamkit/-session/match.html","searchKeys":["match","abstract suspend fun match(signature: Signature): MatchResult","com.shazam.shazamkit.Session.match"]},{"name":"abstract val catalog: Catalog","description":"com.shazam.shazamkit.Session.catalog","location":"shazamkit/com.shazam.shazamkit/-session/catalog.html","searchKeys":["catalog","abstract val catalog: Catalog","com.shazam.shazamkit.Session.catalog"]},{"name":"abstract val catalog: Catalog","description":"com.shazam.shazamkit.StreamingSession.catalog","location":"shazamkit/com.shazam.shazamkit/-streaming-session/catalog.html","searchKeys":["catalog","abstract val catalog: Catalog","com.shazam.shazamkit.StreamingSession.catalog"]},{"name":"abstract val maximumQuerySignatureDurationInMs: Long","description":"com.shazam.shazamkit.Catalog.maximumQuerySignatureDurationInMs","location":"shazamkit/com.shazam.shazamkit/-catalog/maximum-query-signature-duration-in-ms.html","searchKeys":["maximumQuerySignatureDurationInMs","abstract val maximumQuerySignatureDurationInMs: Long","com.shazam.shazamkit.Catalog.maximumQuerySignatureDurationInMs"]},{"name":"abstract val minimumQuerySignatureDurationInMs: Long","description":"com.shazam.shazamkit.Catalog.minimumQuerySignatureDurationInMs","location":"shazamkit/com.shazam.shazamkit/-catalog/minimum-query-signature-duration-in-ms.html","searchKeys":["minimumQuerySignatureDurationInMs","abstract val minimumQuerySignatureDurationInMs: Long","com.shazam.shazamkit.Catalog.minimumQuerySignatureDurationInMs"]},{"name":"class MatchedMediaItem : MediaItem","description":"com.shazam.shazamkit.MatchedMediaItem","location":"shazamkit/com.shazam.shazamkit/-matched-media-item/index.html","searchKeys":["MatchedMediaItem","class MatchedMediaItem : MediaItem","com.shazam.shazamkit.MatchedMediaItem"]},{"name":"class ShazamCatalog : Catalog","description":"com.shazam.shazamkit.ShazamCatalog","location":"shazamkit/com.shazam.shazamkit/-shazam-catalog/index.html","searchKeys":["ShazamCatalog","class ShazamCatalog : Catalog","com.shazam.shazamkit.ShazamCatalog"]},{"name":"class ShazamKitException(val internalError: InternalError, val cause: Throwable?) : Exception","description":"com.shazam.shazamkit.ShazamKitException","location":"shazamkit/com.shazam.shazamkit/-shazam-kit-exception/index.html","searchKeys":["ShazamKitException","class ShazamKitException(val internalError: InternalError, val cause: Throwable?) : Exception","com.shazam.shazamkit.ShazamKitException"]},{"name":"class ShazamKitMatchException(val matchError: MatchError, val cause: Throwable?) : Exception","description":"com.shazam.shazamkit.ShazamKitMatchException","location":"shazamkit/com.shazam.shazamkit/-shazam-kit-match-exception/index.html","searchKeys":["ShazamKitMatchException","class ShazamKitMatchException(val matchError: MatchError, val cause: Throwable?) : Exception","com.shazam.shazamkit.ShazamKitMatchException"]},{"name":"const val APPLE_MUSIC_ID: String","description":"com.shazam.shazamkit.MediaItem.Companion.APPLE_MUSIC_ID","location":"shazamkit/com.shazam.shazamkit/-media-item/-companion/-a-p-p-l-e_-m-u-s-i-c_-i-d.html","searchKeys":["APPLE_MUSIC_ID","const val APPLE_MUSIC_ID: String","com.shazam.shazamkit.MediaItem.Companion.APPLE_MUSIC_ID"]},{"name":"const val APPLE_MUSIC_URL: String","description":"com.shazam.shazamkit.MediaItem.Companion.APPLE_MUSIC_URL","location":"shazamkit/com.shazam.shazamkit/-media-item/-companion/-a-p-p-l-e_-m-u-s-i-c_-u-r-l.html","searchKeys":["APPLE_MUSIC_URL","const val APPLE_MUSIC_URL: String","com.shazam.shazamkit.MediaItem.Companion.APPLE_MUSIC_URL"]},{"name":"const val ARTIST: String","description":"com.shazam.shazamkit.MediaItem.Companion.ARTIST","location":"shazamkit/com.shazam.shazamkit/-media-item/-companion/-a-r-t-i-s-t.html","searchKeys":["ARTIST","const val ARTIST: String","com.shazam.shazamkit.MediaItem.Companion.ARTIST"]},{"name":"const val ARTWORK_URL: String","description":"com.shazam.shazamkit.MediaItem.Companion.ARTWORK_URL","location":"shazamkit/com.shazam.shazamkit/-media-item/-companion/-a-r-t-w-o-r-k_-u-r-l.html","searchKeys":["ARTWORK_URL","const val ARTWORK_URL: String","com.shazam.shazamkit.MediaItem.Companion.ARTWORK_URL"]},{"name":"const val EXPLICIT_CONTENT: String","description":"com.shazam.shazamkit.MediaItem.Companion.EXPLICIT_CONTENT","location":"shazamkit/com.shazam.shazamkit/-media-item/-companion/-e-x-p-l-i-c-i-t_-c-o-n-t-e-n-t.html","searchKeys":["EXPLICIT_CONTENT","const val EXPLICIT_CONTENT: String","com.shazam.shazamkit.MediaItem.Companion.EXPLICIT_CONTENT"]},{"name":"const val FREQUENCY_SKEW_RANGES: String","description":"com.shazam.shazamkit.MediaItem.Companion.FREQUENCY_SKEW_RANGES","location":"shazamkit/com.shazam.shazamkit/-media-item/-companion/-f-r-e-q-u-e-n-c-y_-s-k-e-w_-r-a-n-g-e-s.html","searchKeys":["FREQUENCY_SKEW_RANGES","const val FREQUENCY_SKEW_RANGES: String","com.shazam.shazamkit.MediaItem.Companion.FREQUENCY_SKEW_RANGES"]},{"name":"const val GENRES: String","description":"com.shazam.shazamkit.MediaItem.Companion.GENRES","location":"shazamkit/com.shazam.shazamkit/-media-item/-companion/-g-e-n-r-e-s.html","searchKeys":["GENRES","const val GENRES: String","com.shazam.shazamkit.MediaItem.Companion.GENRES"]},{"name":"const val ISRC_CODE: String","description":"com.shazam.shazamkit.MediaItem.Companion.ISRC_CODE","location":"shazamkit/com.shazam.shazamkit/-media-item/-companion/-i-s-r-c_-c-o-d-e.html","searchKeys":["ISRC_CODE","const val ISRC_CODE: String","com.shazam.shazamkit.MediaItem.Companion.ISRC_CODE"]},{"name":"const val SHAZAM_ID: String","description":"com.shazam.shazamkit.MediaItem.Companion.SHAZAM_ID","location":"shazamkit/com.shazam.shazamkit/-media-item/-companion/-s-h-a-z-a-m_-i-d.html","searchKeys":["SHAZAM_ID","const val SHAZAM_ID: String","com.shazam.shazamkit.MediaItem.Companion.SHAZAM_ID"]},{"name":"const val SUBTITLE: String","description":"com.shazam.shazamkit.MediaItem.Companion.SUBTITLE","location":"shazamkit/com.shazam.shazamkit/-media-item/-companion/-s-u-b-t-i-t-l-e.html","searchKeys":["SUBTITLE","const val SUBTITLE: String","com.shazam.shazamkit.MediaItem.Companion.SUBTITLE"]},{"name":"const val TIME_RANGES: String","description":"com.shazam.shazamkit.MediaItem.Companion.TIME_RANGES","location":"shazamkit/com.shazam.shazamkit/-media-item/-companion/-t-i-m-e_-r-a-n-g-e-s.html","searchKeys":["TIME_RANGES","const val TIME_RANGES: String","com.shazam.shazamkit.MediaItem.Companion.TIME_RANGES"]},{"name":"const val TITLE: String","description":"com.shazam.shazamkit.MediaItem.Companion.TITLE","location":"shazamkit/com.shazam.shazamkit/-media-item/-companion/-t-i-t-l-e.html","searchKeys":["TITLE","const val TITLE: String","com.shazam.shazamkit.MediaItem.Companion.TITLE"]},{"name":"const val VIDEO_URL: String","description":"com.shazam.shazamkit.MediaItem.Companion.VIDEO_URL","location":"shazamkit/com.shazam.shazamkit/-media-item/-companion/-v-i-d-e-o_-u-r-l.html","searchKeys":["VIDEO_URL","const val VIDEO_URL: String","com.shazam.shazamkit.MediaItem.Companion.VIDEO_URL"]},{"name":"const val WEB_URL: String","description":"com.shazam.shazamkit.MediaItem.Companion.WEB_URL","location":"shazamkit/com.shazam.shazamkit/-media-item/-companion/-w-e-b_-u-r-l.html","searchKeys":["WEB_URL","const val WEB_URL: String","com.shazam.shazamkit.MediaItem.Companion.WEB_URL"]},{"name":"constructor(data: B)","description":"com.shazam.shazamkit.ShazamKitResult.Success.Success","location":"shazamkit/com.shazam.shazamkit/-shazam-kit-result/-success/-success.html","searchKeys":["Success","constructor(data: B)","com.shazam.shazamkit.ShazamKitResult.Success.Success"]},{"name":"constructor(internalError: InternalError, cause: Throwable?)","description":"com.shazam.shazamkit.ShazamKitException.ShazamKitException","location":"shazamkit/com.shazam.shazamkit/-shazam-kit-exception/-shazam-kit-exception.html","searchKeys":["ShazamKitException","constructor(internalError: InternalError, cause: Throwable?)","com.shazam.shazamkit.ShazamKitException.ShazamKitException"]},{"name":"constructor(lowerBound: Double, upperBound: Double)","description":"com.shazam.shazamkit.HalfClosedDoubleRange.HalfClosedDoubleRange","location":"shazamkit/com.shazam.shazamkit/-half-closed-double-range/-half-closed-double-range.html","searchKeys":["HalfClosedDoubleRange","constructor(lowerBound: Double, upperBound: Double)","com.shazam.shazamkit.HalfClosedDoubleRange.HalfClosedDoubleRange"]},{"name":"constructor(matchError: MatchError, cause: Throwable?)","description":"com.shazam.shazamkit.ShazamKitMatchException.ShazamKitMatchException","location":"shazamkit/com.shazam.shazamkit/-shazam-kit-match-exception/-shazam-kit-match-exception.html","searchKeys":["ShazamKitMatchException","constructor(matchError: MatchError, cause: Throwable?)","com.shazam.shazamkit.ShazamKitMatchException.ShazamKitMatchException"]},{"name":"constructor(reason: A)","description":"com.shazam.shazamkit.ShazamKitResult.Failure.Failure","location":"shazamkit/com.shazam.shazamkit/-shazam-kit-result/-failure/-failure.html","searchKeys":["Failure","constructor(reason: A)","com.shazam.shazamkit.ShazamKitResult.Failure.Failure"]},{"name":"constructor(token: String)","description":"com.shazam.shazamkit.DeveloperToken.DeveloperToken","location":"shazamkit/com.shazam.shazamkit/-developer-token/-developer-token.html","searchKeys":["DeveloperToken","constructor(token: String)","com.shazam.shazamkit.DeveloperToken.DeveloperToken"]},{"name":"data class DeveloperToken(val token: String)","description":"com.shazam.shazamkit.DeveloperToken","location":"shazamkit/com.shazam.shazamkit/-developer-token/index.html","searchKeys":["DeveloperToken","data class DeveloperToken(val token: String)","com.shazam.shazamkit.DeveloperToken"]},{"name":"data class Error : MatchResult","description":"com.shazam.shazamkit.MatchResult.Error","location":"shazamkit/com.shazam.shazamkit/-match-result/-error/index.html","searchKeys":["Error","data class Error : MatchResult","com.shazam.shazamkit.MatchResult.Error"]},{"name":"data class Failure<A>(val reason: A) : ShazamKitResult<A, Nothing> ","description":"com.shazam.shazamkit.ShazamKitResult.Failure","location":"shazamkit/com.shazam.shazamkit/-shazam-kit-result/-failure/index.html","searchKeys":["Failure","data class Failure<A>(val reason: A) : ShazamKitResult<A, Nothing> ","com.shazam.shazamkit.ShazamKitResult.Failure"]},{"name":"data class HalfClosedDoubleRange(val lowerBound: Double, val upperBound: Double)","description":"com.shazam.shazamkit.HalfClosedDoubleRange","location":"shazamkit/com.shazam.shazamkit/-half-closed-double-range/index.html","searchKeys":["HalfClosedDoubleRange","data class HalfClosedDoubleRange(val lowerBound: Double, val upperBound: Double)","com.shazam.shazamkit.HalfClosedDoubleRange"]},{"name":"data class Match : MatchResult","description":"com.shazam.shazamkit.MatchResult.Match","location":"shazamkit/com.shazam.shazamkit/-match-result/-match/index.html","searchKeys":["Match","data class Match : MatchResult","com.shazam.shazamkit.MatchResult.Match"]},{"name":"data class NoMatch : MatchResult","description":"com.shazam.shazamkit.MatchResult.NoMatch","location":"shazamkit/com.shazam.shazamkit/-match-result/-no-match/index.html","searchKeys":["NoMatch","data class NoMatch : MatchResult","com.shazam.shazamkit.MatchResult.NoMatch"]},{"name":"data class Signature","description":"com.shazam.shazamkit.Signature","location":"shazamkit/com.shazam.shazamkit/-signature/index.html","searchKeys":["Signature","data class Signature","com.shazam.shazamkit.Signature"]},{"name":"data class Success<B>(val data: B) : ShazamKitResult<Nothing, B> ","description":"com.shazam.shazamkit.ShazamKitResult.Success","location":"shazamkit/com.shazam.shazamkit/-shazam-kit-result/-success/index.html","searchKeys":["Success","data class Success<B>(val data: B) : ShazamKitResult<Nothing, B> ","com.shazam.shazamkit.ShazamKitResult.Success"]},{"name":"enum AudioSampleRateInHz : Enum<AudioSampleRateInHz> ","description":"com.shazam.shazamkit.AudioSampleRateInHz","location":"shazamkit/com.shazam.shazamkit/-audio-sample-rate-in-hz/index.html","searchKeys":["AudioSampleRateInHz","enum AudioSampleRateInHz : Enum<AudioSampleRateInHz> ","com.shazam.shazamkit.AudioSampleRateInHz"]},{"name":"enum InternalError : Enum<InternalError> ","description":"com.shazam.shazamkit.InternalError","location":"shazamkit/com.shazam.shazamkit/-internal-error/index.html","searchKeys":["InternalError","enum InternalError : Enum<InternalError> ","com.shazam.shazamkit.InternalError"]},{"name":"enum MatchError : Enum<MatchError> ","description":"com.shazam.shazamkit.MatchError","location":"shazamkit/com.shazam.shazamkit/-match-error/index.html","searchKeys":["MatchError","enum MatchError : Enum<MatchError> ","com.shazam.shazamkit.MatchError"]},{"name":"fun createCustomCatalog(): CustomCatalog","description":"com.shazam.shazamkit.ShazamKit.createCustomCatalog","location":"shazamkit/com.shazam.shazamkit/-shazam-kit/create-custom-catalog.html","searchKeys":["createCustomCatalog","fun createCustomCatalog(): CustomCatalog","com.shazam.shazamkit.ShazamKit.createCustomCatalog"]},{"name":"fun createShazamCatalog(developerTokenProvider: DeveloperTokenProvider, locale: Locale? = null): ShazamCatalog","description":"com.shazam.shazamkit.ShazamKit.createShazamCatalog","location":"shazamkit/com.shazam.shazamkit/-shazam-kit/create-shazam-catalog.html","searchKeys":["createShazamCatalog","fun createShazamCatalog(developerTokenProvider: DeveloperTokenProvider, locale: Locale? = null): ShazamCatalog","com.shazam.shazamkit.ShazamKit.createShazamCatalog"]},{"name":"fun get(key: String): Any?","description":"com.shazam.shazamkit.MediaItem.get","location":"shazamkit/com.shazam.shazamkit/-media-item/get.html","searchKeys":["get","fun get(key: String): Any?","com.shazam.shazamkit.MediaItem.get"]},{"name":"fun interface DeveloperTokenProvider","description":"com.shazam.shazamkit.DeveloperTokenProvider","location":"shazamkit/com.shazam.shazamkit/-developer-token-provider/index.html","searchKeys":["DeveloperTokenProvider","fun interface DeveloperTokenProvider","com.shazam.shazamkit.DeveloperTokenProvider"]},{"name":"fun valueOf(value: String): AudioSampleRateInHz","description":"com.shazam.shazamkit.AudioSampleRateInHz.valueOf","location":"shazamkit/com.shazam.shazamkit/-audio-sample-rate-in-hz/value-of.html","searchKeys":["valueOf","fun valueOf(value: String): AudioSampleRateInHz","com.shazam.shazamkit.AudioSampleRateInHz.valueOf"]},{"name":"fun valueOf(value: String): InternalError","description":"com.shazam.shazamkit.InternalError.valueOf","location":"shazamkit/com.shazam.shazamkit/-internal-error/value-of.html","searchKeys":["valueOf","fun valueOf(value: String): InternalError","com.shazam.shazamkit.InternalError.valueOf"]},{"name":"fun valueOf(value: String): MatchError","description":"com.shazam.shazamkit.MatchError.valueOf","location":"shazamkit/com.shazam.shazamkit/-match-error/value-of.html","searchKeys":["valueOf","fun valueOf(value: String): MatchError","com.shazam.shazamkit.MatchError.valueOf"]},{"name":"fun values(): Array<AudioSampleRateInHz>","description":"com.shazam.shazamkit.AudioSampleRateInHz.values","location":"shazamkit/com.shazam.shazamkit/-audio-sample-rate-in-hz/values.html","searchKeys":["values","fun values(): Array<AudioSampleRateInHz>","com.shazam.shazamkit.AudioSampleRateInHz.values"]},{"name":"fun values(): Array<InternalError>","description":"com.shazam.shazamkit.InternalError.values","location":"shazamkit/com.shazam.shazamkit/-internal-error/values.html","searchKeys":["values","fun values(): Array<InternalError>","com.shazam.shazamkit.InternalError.values"]},{"name":"fun values(): Array<MatchError>","description":"com.shazam.shazamkit.MatchError.values","location":"shazamkit/com.shazam.shazamkit/-match-error/values.html","searchKeys":["values","fun values(): Array<MatchError>","com.shazam.shazamkit.MatchError.values"]},{"name":"interface Catalog","description":"com.shazam.shazamkit.Catalog","location":"shazamkit/com.shazam.shazamkit/-catalog/index.html","searchKeys":["Catalog","interface Catalog","com.shazam.shazamkit.Catalog"]},{"name":"interface CustomCatalog : Catalog","description":"com.shazam.shazamkit.CustomCatalog","location":"shazamkit/com.shazam.shazamkit/-custom-catalog/index.html","searchKeys":["CustomCatalog","interface CustomCatalog : Catalog","com.shazam.shazamkit.CustomCatalog"]},{"name":"interface Session","description":"com.shazam.shazamkit.Session","location":"shazamkit/com.shazam.shazamkit/-session/index.html","searchKeys":["Session","interface Session","com.shazam.shazamkit.Session"]},{"name":"interface SignatureGenerator","description":"com.shazam.shazamkit.SignatureGenerator","location":"shazamkit/com.shazam.shazamkit/-signature-generator/index.html","searchKeys":["SignatureGenerator","interface SignatureGenerator","com.shazam.shazamkit.SignatureGenerator"]},{"name":"interface StreamingSession","description":"com.shazam.shazamkit.StreamingSession","location":"shazamkit/com.shazam.shazamkit/-streaming-session/index.html","searchKeys":["StreamingSession","interface StreamingSession","com.shazam.shazamkit.StreamingSession"]},{"name":"object Companion","description":"com.shazam.shazamkit.MediaItem.Companion","location":"shazamkit/com.shazam.shazamkit/-media-item/-companion/index.html","searchKeys":["Companion","object Companion","com.shazam.shazamkit.MediaItem.Companion"]},{"name":"object ShazamKit","description":"com.shazam.shazamkit.ShazamKit","location":"shazamkit/com.shazam.shazamkit/-shazam-kit/index.html","searchKeys":["ShazamKit","object ShazamKit","com.shazam.shazamkit.ShazamKit"]},{"name":"open class MediaItem","description":"com.shazam.shazamkit.MediaItem","location":"shazamkit/com.shazam.shazamkit/-media-item/index.html","searchKeys":["MediaItem","open class MediaItem","com.shazam.shazamkit.MediaItem"]},{"name":"open operator override fun equals(other: Any?): Boolean","description":"com.shazam.shazamkit.MatchedMediaItem.equals","location":"shazamkit/com.shazam.shazamkit/-matched-media-item/equals.html","searchKeys":["equals","open operator override fun equals(other: Any?): Boolean","com.shazam.shazamkit.MatchedMediaItem.equals"]},{"name":"open operator override fun equals(other: Any?): Boolean","description":"com.shazam.shazamkit.MediaItem.equals","location":"shazamkit/com.shazam.shazamkit/-media-item/equals.html","searchKeys":["equals","open operator override fun equals(other: Any?): Boolean","com.shazam.shazamkit.MediaItem.equals"]},{"name":"open operator override fun equals(other: Any?): Boolean","description":"com.shazam.shazamkit.Signature.equals","location":"shazamkit/com.shazam.shazamkit/-signature/equals.html","searchKeys":["equals","open operator override fun equals(other: Any?): Boolean","com.shazam.shazamkit.Signature.equals"]},{"name":"open override fun hashCode(): Int","description":"com.shazam.shazamkit.MatchedMediaItem.hashCode","location":"shazamkit/com.shazam.shazamkit/-matched-media-item/hash-code.html","searchKeys":["hashCode","open override fun hashCode(): Int","com.shazam.shazamkit.MatchedMediaItem.hashCode"]},{"name":"open override fun hashCode(): Int","description":"com.shazam.shazamkit.MediaItem.hashCode","location":"shazamkit/com.shazam.shazamkit/-media-item/hash-code.html","searchKeys":["hashCode","open override fun hashCode(): Int","com.shazam.shazamkit.MediaItem.hashCode"]},{"name":"open override fun hashCode(): Int","description":"com.shazam.shazamkit.Signature.hashCode","location":"shazamkit/com.shazam.shazamkit/-signature/hash-code.html","searchKeys":["hashCode","open override fun hashCode(): Int","com.shazam.shazamkit.Signature.hashCode"]},{"name":"open override fun toString(): String","description":"com.shazam.shazamkit.MediaItem.toString","location":"shazamkit/com.shazam.shazamkit/-media-item/to-string.html","searchKeys":["toString","open override fun toString(): String","com.shazam.shazamkit.MediaItem.toString"]},{"name":"open override val cause: Throwable?","description":"com.shazam.shazamkit.ShazamKitException.cause","location":"shazamkit/com.shazam.shazamkit/-shazam-kit-exception/cause.html","searchKeys":["cause","open override val cause: Throwable?","com.shazam.shazamkit.ShazamKitException.cause"]},{"name":"open override val cause: Throwable?","description":"com.shazam.shazamkit.ShazamKitMatchException.cause","location":"shazamkit/com.shazam.shazamkit/-shazam-kit-match-exception/cause.html","searchKeys":["cause","open override val cause: Throwable?","com.shazam.shazamkit.ShazamKitMatchException.cause"]},{"name":"open override val maximumQuerySignatureDurationInMs: Long","description":"com.shazam.shazamkit.ShazamCatalog.maximumQuerySignatureDurationInMs","location":"shazamkit/com.shazam.shazamkit/-shazam-catalog/maximum-query-signature-duration-in-ms.html","searchKeys":["maximumQuerySignatureDurationInMs","open override val maximumQuerySignatureDurationInMs: Long","com.shazam.shazamkit.ShazamCatalog.maximumQuerySignatureDurationInMs"]},{"name":"open override val minimumQuerySignatureDurationInMs: Long = 3000","description":"com.shazam.shazamkit.ShazamCatalog.minimumQuerySignatureDurationInMs","location":"shazamkit/com.shazam.shazamkit/-shazam-catalog/minimum-query-signature-duration-in-ms.html","searchKeys":["minimumQuerySignatureDurationInMs","open override val minimumQuerySignatureDurationInMs: Long = 3000","com.shazam.shazamkit.ShazamCatalog.minimumQuerySignatureDurationInMs"]},{"name":"sealed class MatchResult","description":"com.shazam.shazamkit.MatchResult","location":"shazamkit/com.shazam.shazamkit/-match-result/index.html","searchKeys":["MatchResult","sealed class MatchResult","com.shazam.shazamkit.MatchResult"]},{"name":"sealed class ShazamKitResult<out A, out B>","description":"com.shazam.shazamkit.ShazamKitResult","location":"shazamkit/com.shazam.shazamkit/-shazam-kit-result/index.html","searchKeys":["ShazamKitResult","sealed class ShazamKitResult<out A, out B>","com.shazam.shazamkit.ShazamKitResult"]},{"name":"suspend fun createSession(catalog: Catalog): ShazamKitResult<ShazamKitException, Session>","description":"com.shazam.shazamkit.ShazamKit.createSession","location":"shazamkit/com.shazam.shazamkit/-shazam-kit/create-session.html","searchKeys":["createSession","suspend fun createSession(catalog: Catalog): ShazamKitResult<ShazamKitException, Session>","com.shazam.shazamkit.ShazamKit.createSession"]},{"name":"suspend fun createSignatureGenerator(audioSampleRateInHz: AudioSampleRateInHz): ShazamKitResult<ShazamKitException, SignatureGenerator>","description":"com.shazam.shazamkit.ShazamKit.createSignatureGenerator","location":"shazamkit/com.shazam.shazamkit/-shazam-kit/create-signature-generator.html","searchKeys":["createSignatureGenerator","suspend fun createSignatureGenerator(audioSampleRateInHz: AudioSampleRateInHz): ShazamKitResult<ShazamKitException, SignatureGenerator>","com.shazam.shazamkit.ShazamKit.createSignatureGenerator"]},{"name":"suspend fun createStreamingSession(catalog: Catalog, audioSampleRateInHz: AudioSampleRateInHz, audioRecordReadBufferSize: Int): ShazamKitResult<ShazamKitException, StreamingSession>","description":"com.shazam.shazamkit.ShazamKit.createStreamingSession","location":"shazamkit/com.shazam.shazamkit/-shazam-kit/create-streaming-session.html","searchKeys":["createStreamingSession","suspend fun createStreamingSession(catalog: Catalog, audioSampleRateInHz: AudioSampleRateInHz, audioRecordReadBufferSize: Int): ShazamKitResult<ShazamKitException, StreamingSession>","com.shazam.shazamkit.ShazamKit.createStreamingSession"]},{"name":"val appleMusicID: String?","description":"com.shazam.shazamkit.MediaItem.appleMusicID","location":"shazamkit/com.shazam.shazamkit/-media-item/apple-music-i-d.html","searchKeys":["appleMusicID","val appleMusicID: String?","com.shazam.shazamkit.MediaItem.appleMusicID"]},{"name":"val appleMusicURL: URL?","description":"com.shazam.shazamkit.MediaItem.appleMusicURL","location":"shazamkit/com.shazam.shazamkit/-media-item/apple-music-u-r-l.html","searchKeys":["appleMusicURL","val appleMusicURL: URL?","com.shazam.shazamkit.MediaItem.appleMusicURL"]},{"name":"val artist: String?","description":"com.shazam.shazamkit.MediaItem.artist","location":"shazamkit/com.shazam.shazamkit/-media-item/artist.html","searchKeys":["artist","val artist: String?","com.shazam.shazamkit.MediaItem.artist"]},{"name":"val artworkURL: URL?","description":"com.shazam.shazamkit.MediaItem.artworkURL","location":"shazamkit/com.shazam.shazamkit/-media-item/artwork-u-r-l.html","searchKeys":["artworkURL","val artworkURL: URL?","com.shazam.shazamkit.MediaItem.artworkURL"]},{"name":"val data: B","description":"com.shazam.shazamkit.ShazamKitResult.Success.data","location":"shazamkit/com.shazam.shazamkit/-shazam-kit-result/-success/data.html","searchKeys":["data","val data: B","com.shazam.shazamkit.ShazamKitResult.Success.data"]},{"name":"val dataRepresentation: ByteArray","description":"com.shazam.shazamkit.Signature.dataRepresentation","location":"shazamkit/com.shazam.shazamkit/-signature/data-representation.html","searchKeys":["dataRepresentation","val dataRepresentation: ByteArray","com.shazam.shazamkit.Signature.dataRepresentation"]},{"name":"val durationInMs: Long","description":"com.shazam.shazamkit.Signature.durationInMs","location":"shazamkit/com.shazam.shazamkit/-signature/duration-in-ms.html","searchKeys":["durationInMs","val durationInMs: Long","com.shazam.shazamkit.Signature.durationInMs"]},{"name":"val entries: EnumEntries<AudioSampleRateInHz>","description":"com.shazam.shazamkit.AudioSampleRateInHz.entries","location":"shazamkit/com.shazam.shazamkit/-audio-sample-rate-in-hz/entries.html","searchKeys":["entries","val entries: EnumEntries<AudioSampleRateInHz>","com.shazam.shazamkit.AudioSampleRateInHz.entries"]},{"name":"val entries: EnumEntries<InternalError>","description":"com.shazam.shazamkit.InternalError.entries","location":"shazamkit/com.shazam.shazamkit/-internal-error/entries.html","searchKeys":["entries","val entries: EnumEntries<InternalError>","com.shazam.shazamkit.InternalError.entries"]},{"name":"val entries: EnumEntries<MatchError>","description":"com.shazam.shazamkit.MatchError.entries","location":"shazamkit/com.shazam.shazamkit/-match-error/entries.html","searchKeys":["entries","val entries: EnumEntries<MatchError>","com.shazam.shazamkit.MatchError.entries"]},{"name":"val exception: ShazamKitMatchException","description":"com.shazam.shazamkit.MatchResult.Error.exception","location":"shazamkit/com.shazam.shazamkit/-match-result/-error/exception.html","searchKeys":["exception","val exception: ShazamKitMatchException","com.shazam.shazamkit.MatchResult.Error.exception"]},{"name":"val explicitContent: Boolean?","description":"com.shazam.shazamkit.MediaItem.explicitContent","location":"shazamkit/com.shazam.shazamkit/-media-item/explicit-content.html","searchKeys":["explicitContent","val explicitContent: Boolean?","com.shazam.shazamkit.MediaItem.explicitContent"]},{"name":"val frequencySkew: Float? = null","description":"com.shazam.shazamkit.MatchedMediaItem.frequencySkew","location":"shazamkit/com.shazam.shazamkit/-matched-media-item/frequency-skew.html","searchKeys":["frequencySkew","val frequencySkew: Float? = null","com.shazam.shazamkit.MatchedMediaItem.frequencySkew"]},{"name":"val frequencySkewRanges: List<HalfClosedDoubleRange>","description":"com.shazam.shazamkit.MediaItem.frequencySkewRanges","location":"shazamkit/com.shazam.shazamkit/-media-item/frequency-skew-ranges.html","searchKeys":["frequencySkewRanges","val frequencySkewRanges: List<HalfClosedDoubleRange>","com.shazam.shazamkit.MediaItem.frequencySkewRanges"]},{"name":"val genres: List<String>","description":"com.shazam.shazamkit.MediaItem.genres","location":"shazamkit/com.shazam.shazamkit/-media-item/genres.html","searchKeys":["genres","val genres: List<String>","com.shazam.shazamkit.MediaItem.genres"]},{"name":"val internalError: InternalError","description":"com.shazam.shazamkit.ShazamKitException.internalError","location":"shazamkit/com.shazam.shazamkit/-shazam-kit-exception/internal-error.html","searchKeys":["internalError","val internalError: InternalError","com.shazam.shazamkit.ShazamKitException.internalError"]},{"name":"val isrc: String?","description":"com.shazam.shazamkit.MediaItem.isrc","location":"shazamkit/com.shazam.shazamkit/-media-item/isrc.html","searchKeys":["isrc","val isrc: String?","com.shazam.shazamkit.MediaItem.isrc"]},{"name":"val lowerBound: Double","description":"com.shazam.shazamkit.HalfClosedDoubleRange.lowerBound","location":"shazamkit/com.shazam.shazamkit/-half-closed-double-range/lower-bound.html","searchKeys":["lowerBound","val lowerBound: Double","com.shazam.shazamkit.HalfClosedDoubleRange.lowerBound"]},{"name":"val matchError: MatchError","description":"com.shazam.shazamkit.ShazamKitMatchException.matchError","location":"shazamkit/com.shazam.shazamkit/-shazam-kit-match-exception/match-error.html","searchKeys":["matchError","val matchError: MatchError","com.shazam.shazamkit.ShazamKitMatchException.matchError"]},{"name":"val matchOffsetInMs: Float? = null","description":"com.shazam.shazamkit.MatchedMediaItem.matchOffsetInMs","location":"shazamkit/com.shazam.shazamkit/-matched-media-item/match-offset-in-ms.html","searchKeys":["matchOffsetInMs","val matchOffsetInMs: Float? = null","com.shazam.shazamkit.MatchedMediaItem.matchOffsetInMs"]},{"name":"val matchedMediaItems: List<MatchedMediaItem>","description":"com.shazam.shazamkit.MatchResult.Match.matchedMediaItems","location":"shazamkit/com.shazam.shazamkit/-match-result/-match/matched-media-items.html","searchKeys":["matchedMediaItems","val matchedMediaItems: List<MatchedMediaItem>","com.shazam.shazamkit.MatchResult.Match.matchedMediaItems"]},{"name":"val predictedCurrentMatchOffset: Float?","description":"com.shazam.shazamkit.MatchedMediaItem.predictedCurrentMatchOffset","location":"shazamkit/com.shazam.shazamkit/-matched-media-item/predicted-current-match-offset.html","searchKeys":["predictedCurrentMatchOffset","val predictedCurrentMatchOffset: Float?","com.shazam.shazamkit.MatchedMediaItem.predictedCurrentMatchOffset"]},{"name":"val querySignature: Signature","description":"com.shazam.shazamkit.MatchResult.Match.querySignature","location":"shazamkit/com.shazam.shazamkit/-match-result/-match/query-signature.html","searchKeys":["querySignature","val querySignature: Signature","com.shazam.shazamkit.MatchResult.Match.querySignature"]},{"name":"val querySignature: Signature","description":"com.shazam.shazamkit.MatchResult.NoMatch.querySignature","location":"shazamkit/com.shazam.shazamkit/-match-result/-no-match/query-signature.html","searchKeys":["querySignature","val querySignature: Signature","com.shazam.shazamkit.MatchResult.NoMatch.querySignature"]},{"name":"val querySignature: Signature?","description":"com.shazam.shazamkit.MatchResult.Error.querySignature","location":"shazamkit/com.shazam.shazamkit/-match-result/-error/query-signature.html","searchKeys":["querySignature","val querySignature: Signature?","com.shazam.shazamkit.MatchResult.Error.querySignature"]},{"name":"val reason: A","description":"com.shazam.shazamkit.ShazamKitResult.Failure.reason","location":"shazamkit/com.shazam.shazamkit/-shazam-kit-result/-failure/reason.html","searchKeys":["reason","val reason: A","com.shazam.shazamkit.ShazamKitResult.Failure.reason"]},{"name":"val shazamID: String?","description":"com.shazam.shazamkit.MediaItem.shazamID","location":"shazamkit/com.shazam.shazamkit/-media-item/shazam-i-d.html","searchKeys":["shazamID","val shazamID: String?","com.shazam.shazamkit.MediaItem.shazamID"]},{"name":"val subtitle: String?","description":"com.shazam.shazamkit.MediaItem.subtitle","location":"shazamkit/com.shazam.shazamkit/-media-item/subtitle.html","searchKeys":["subtitle","val subtitle: String?","com.shazam.shazamkit.MediaItem.subtitle"]},{"name":"val timeRanges: List<HalfClosedDoubleRange>","description":"com.shazam.shazamkit.MediaItem.timeRanges","location":"shazamkit/com.shazam.shazamkit/-media-item/time-ranges.html","searchKeys":["timeRanges","val timeRanges: List<HalfClosedDoubleRange>","com.shazam.shazamkit.MediaItem.timeRanges"]},{"name":"val title: String?","description":"com.shazam.shazamkit.MediaItem.title","location":"shazamkit/com.shazam.shazamkit/-media-item/title.html","searchKeys":["title","val title: String?","com.shazam.shazamkit.MediaItem.title"]},{"name":"val token: String","description":"com.shazam.shazamkit.DeveloperToken.token","location":"shazamkit/com.shazam.shazamkit/-developer-token/token.html","searchKeys":["token","val token: String","com.shazam.shazamkit.DeveloperToken.token"]},{"name":"val upperBound: Double","description":"com.shazam.shazamkit.HalfClosedDoubleRange.upperBound","location":"shazamkit/com.shazam.shazamkit/-half-closed-double-range/upper-bound.html","searchKeys":["upperBound","val upperBound: Double","com.shazam.shazamkit.HalfClosedDoubleRange.upperBound"]},{"name":"val videoURL: URL?","description":"com.shazam.shazamkit.MediaItem.videoURL","location":"shazamkit/com.shazam.shazamkit/-media-item/video-u-r-l.html","searchKeys":["videoURL","val videoURL: URL?","com.shazam.shazamkit.MediaItem.videoURL"]},{"name":"val webURL: URL?","description":"com.shazam.shazamkit.MediaItem.webURL","location":"shazamkit/com.shazam.shazamkit/-media-item/web-u-r-l.html","searchKeys":["webURL","val webURL: URL?","com.shazam.shazamkit.MediaItem.webURL"]},{"name":"var allowLogs: Boolean","description":"com.shazam.shazamkit.ShazamKit.allowLogs","location":"shazamkit/com.shazam.shazamkit/-shazam-kit/allow-logs.html","searchKeys":["allowLogs","var allowLogs: Boolean","com.shazam.shazamkit.ShazamKit.allowLogs"]}]